url,section,title,static_html,body_text_chars
https://www.sjsu.edu/wellness/access-services/counseling/index.php,counseling-psych,Counseling & Psychological Services | Student Wellness Center,yes,24354
https://www.sjsu.edu/wellness/access-services/emergency-crisis.php,counseling-psych,Emergency | Student Wellness Center,yes,1167
https://www.sjsu.edu/wellness/access-services/make-an-appointment.php,counseling-psych,Make an Appointment | Student Wellness Center,yes,1010
https://www.sjsu.edu/wellness/access-services/survivor-advocacy-services.php,counseling-psych,SJSU Survivor Advocacy Services | Student Wellness Center,yes,2147
https://www.sjsu.edu/wellness/grow-your-wellbeing/index.php,counseling-psych,Grow Your Well-Being | Student Wellness Center,yes,1240
https://www.sjsu.edu/wellness/index.php,counseling-psych,Student Wellness Center,yes,1983
https://www.sjsu.edu/wellness/learn-about-us/contact-us.php,counseling-psych,Contact Us | Student Wellness Center,yes,1235
https://www.sjsu.edu/wellness/access-services/health-services.php,health-services,Health Services | Student Wellness Center,yes,6528
https://www.sjsu.edu/wellness/access-services/immunizations.php,health-services,Immunization Requirements - Student Wellness Center | Student Wellness Center,yes,7786
https://www.sjsu.edu/wellness/access-services/pharmacy.php,health-services,Pharmacy | Student Wellness Center,yes,3114
https://www.sjsu.edu/wellness/my-appointment/confidentiality-patient-rights.php,health-services,Confidentiality and Patient Rights | Student Wellness Center,yes,10814
https://www.sjsu.edu/faso/about/announcements-deadlines.php,financial-aid,Announcements and Deadlines | Financial Aid and Scholarship Office,yes,747
https://www.sjsu.edu/faso/about/contact-us.php,financial-aid,Contact Us | Financial Aid and Scholarship Office | SJSU | Financial Aid and Scholarship Office,yes,2348
https://www.sjsu.edu/faso/about/faq.php,financial-aid,Frequently Asked Questions (FAQ) | Financial Aid and Scholarship Office,yes,2686
https://www.sjsu.edu/faso/applying/california-dream-act.php,financial-aid,California Dream Act | Financial Aid and Scholarship Office,yes,6223
https://www.sjsu.edu/faso/applying/how-to-apply.php,financial-aid,How to Apply for Financial Aid | Financial Aid and Scholarship Office,yes,3397
https://www.sjsu.edu/faso/applying/special-circumstances.php,financial-aid,Special Circumstances | Financial Aid and Scholarship Office,yes,3244
https://www.sjsu.edu/faso/forms-resources/financial-aid-forms.php,financial-aid,Financial Aid Forms | Financial Aid and Scholarship Office,yes,1009
https://www.sjsu.edu/faso/index.php,financial-aid,Financial Aid and Scholarships | SJSU | Financial Aid and Scholarship Office,yes,1697
https://www.sjsu.edu/faso/process/cost-of-attendance.php,financial-aid,Cost of Attendance | Financial Aid and Scholarship Office,yes,9306
https://www.sjsu.edu/faso/process/eligibility-requirements.php,financial-aid,Eligibility Requirements | Financial Aid and Scholarship Office,yes,2017
https://www.sjsu.edu/faso/process/enrollment-requirements.php,financial-aid,Enrollment Requirements | Financial Aid and Scholarship Office,yes,1346
https://www.sjsu.edu/faso/process/seven-steps.php,financial-aid,Seven Steps to Financial Aid | Financial Aid and Scholarship Office,yes,5422
https://www.sjsu.edu/faso/process/tuition-fee-deferral.php,financial-aid,Tuition Fee Deferral | Financial Aid and Scholarship Office,yes,2379
https://www.sjsu.edu/faso/process/verification.php,financial-aid,Verification | Financial Aid and Scholarship Office,yes,3304
https://www.sjsu.edu/faso/types-of-aid/grants/cal-grant.php,financial-aid,Cal Grant | Financial Aid and Scholarship Office,yes,2769
https://www.sjsu.edu/faso/types-of-aid/grants/index.php,financial-aid,Grants | Financial Aid and Scholarship Office,yes,1031
https://www.sjsu.edu/faso/types-of-aid/grants/pell-grant.php,financial-aid,Federal Pell Grant | Financial Aid and Scholarship Office,yes,1294
https://www.sjsu.edu/faso/types-of-aid/index.php,financial-aid,Types of Aid | Financial Aid and Scholarship Office,yes,1898
https://www.sjsu.edu/faso/types-of-aid/scholarships/index.php,financial-aid,Scholarships | Financial Aid and Scholarship Office,yes,3184
https://www.sjsu.edu/faso/types-of-aid/scholarships/tips-on-applying.php,financial-aid,Tips on Applying | Financial Aid and Scholarship Office,yes,3109
https://www.sjsu.edu/bursar/fees-due-dates/index.php,bursar-billing,Fees and Due Dates | Bursar's Office,yes,1460
https://www.sjsu.edu/bursar/how-we-can-help/contact-us.php,bursar-billing,Contact Us | Bursar's Office,yes,1508
https://www.sjsu.edu/bursar/index.php,bursar-billing,"Bursar's Office | Tuition, Fees & Student Payments | Bursar's Office",yes,1465
https://www.sjsu.edu/bursar/our-services/spartan-bookstore-voucher.php,bursar-billing,Spartan Bookstore Deferred Payment Program | Bursar's Office,yes,1091
https://www.sjsu.edu/bursar/payment-refunds/installment-payment-plan.php,bursar-billing,Installment Payment Plan | Bursar's Office,yes,5016
https://www.sjsu.edu/bursar/payment-refunds/refunds.php,bursar-billing,Electronic Refunds (Direct Deposit) | Bursar's Office,yes,517
https://www.sjsu.edu/peerconnections/about/appointment.php,tutoring-academic-support,Make an Appointment | Peer Connections,yes,2277
https://www.sjsu.edu/peerconnections/index.php,tutoring-academic-support,Peer Connections,yes,1045
https://www.sjsu.edu/peerconnections/programs/learning-assistance-program.php,tutoring-academic-support,Learning Assistant Program | Peer Connections,yes,2791
https://www.sjsu.edu/peerconnections/programs/mentoring.php,tutoring-academic-support,Academic Peer Mentoring | Peer Connections,yes,2182
https://www.sjsu.edu/peerconnections/programs/supplemental-instruction.php,tutoring-academic-support,Supplemental Instruction | Peer Connections,yes,2126
https://www.sjsu.edu/peerconnections/programs/tutoring.php,tutoring-academic-support,Tutoring | Peer Connections,yes,6198
https://www.sjsu.edu/tutoring/academic-success-workshops/index.php,tutoring-academic-support,Academic Success Workshops | Tutoring Hub,yes,1173
https://www.sjsu.edu/tutoring/index.php,tutoring-academic-support,Tutoring Hub,yes,464
https://www.sjsu.edu/writingcenter/about-us/contact-us.php,tutoring-academic-support,Contact Us | Writing Center,yes,462
https://www.sjsu.edu/writingcenter/index.php,tutoring-academic-support,Writing Center,yes,1507
https://www.sjsu.edu/writingcenter/resources/handouts.php,tutoring-academic-support,Homegrown Handouts | Writing Center,yes,6648
https://www.sjsu.edu/writingcenter/tutoring/index.php,tutoring-academic-support,Tutoring Services | Writing Center,yes,2551
https://www.sjsu.edu/advising/about-us/index.php,academic-advising,About Us | Undergraduate Advising and Success,yes,9569
https://www.sjsu.edu/advising/academic-advising/fsr.php,academic-advising,FSR - Former Student Returning | Undergraduate Advising and Success,yes,450
https://www.sjsu.edu/advising/academic-advising/petitions.php,academic-advising,Petitions | Undergraduate Advising and Success,yes,2474
https://www.sjsu.edu/advising/academic-advising/student-success-centers.php,academic-advising,Student Success Centers | Undergraduate Advising and Success,yes,969
https://www.sjsu.edu/advising/index.php,academic-advising,Undergraduate Advising and Success,yes,1571
https://www.sjsu.edu/advising/peer-connections/index.php,academic-advising,Peer Connections | Undergraduate Advising and Success,yes,2082
https://www.sjsu.edu/ue/student-petitions/drops/index.php,academic-advising,Late Drops and Semester Withdrawals | Undergraduate Education,yes,1571
https://www.sjsu.edu/ue/student-petitions/index.php,academic-advising,Student Petitions | Undergraduate Education,yes,26421
https://careercenter.sjsu.edu/,career-services,Career Center San José State University,yes,1101
https://careercenter.sjsu.edu/about/,career-services,About the Career Center – Career Center San José State University,yes,3363
https://careercenter.sjsu.edu/channels/student/,career-services,Students – Career Center San José State University,yes,7435
https://careercenter.sjsu.edu/events/,career-services,Events – Career Center San José State University,yes,2581
https://careercenter.sjsu.edu/resources/career-closet/,career-services,Spartan Career Closet – Career Center San José State University,yes,1756
https://careercenter.sjsu.edu/resources/career-counseling-appointments/,career-services,Career Counseling & Appointments – Career Center San José State University,yes,2449
https://careercenter.sjsu.edu/resources/sjsu-handshake/,career-services,SJSU Handshake – Career Center San José State University,yes,3252
https://www.sjsu.edu/sjsucares/about/contact-us.php,basic-needs,Contact Us | SJSU Cares,yes,1451
https://www.sjsu.edu/sjsucares/about/faq.php,basic-needs,FAQ | SJSU Cares,yes,4139
https://www.sjsu.edu/sjsucares/get-assistance/case-management/index.php,basic-needs,Well-Being Case Management | SJSU Cares,yes,999
https://www.sjsu.edu/sjsucares/get-assistance/financial-assistance/crisis-grant.php,basic-needs,Crisis Grant Assistance | SJSU Cares,yes,2730
https://www.sjsu.edu/sjsucares/get-assistance/financial-assistance/igrad.php,basic-needs,iGrad Financial Literacy | SJSU Cares,yes,1037
https://www.sjsu.edu/sjsucares/get-assistance/financial-assistance/index.php,basic-needs,Financial Assistance | SJSU Cares,yes,1133
https://www.sjsu.edu/sjsucares/get-assistance/food-assistance/calfresh.php,basic-needs,CalFresh Food | SJSU Cares,yes,3882
https://www.sjsu.edu/sjsucares/get-assistance/food-assistance/index.php,basic-needs,Food Assistance | SJSU Cares,yes,1042
https://www.sjsu.edu/sjsucares/get-assistance/food-assistance/spartan-food-pantry.php,basic-needs,Spartan Food Pantry | SJSU Cares,yes,4498
https://www.sjsu.edu/sjsucares/get-assistance/housing-assistance/housing-search-assistance.php,basic-needs,Housing Search Assistance | SJSU Cares,yes,1601
https://www.sjsu.edu/sjsucares/get-assistance/housing-assistance/index.php,basic-needs,Housing Assistance | SJSU Cares,yes,1490
https://www.sjsu.edu/sjsucares/get-assistance/housing-assistance/rapid-rehousing-program.php,basic-needs,Rapid Rehousing Program | SJSU Cares,yes,1341
https://www.sjsu.edu/sjsucares/get-assistance/housing-assistance/short-term-emergency-housing.php,basic-needs,Short-Term Emergency Housing | SJSU Cares,yes,1115
https://www.sjsu.edu/sjsucares/get-assistance/index.php,basic-needs,Get Assistance  | SJSU Cares,yes,1838
https://www.sjsu.edu/sjsucares/index.php,basic-needs,SJSU Cares,yes,1406
https://www.sjsu.edu/sjsucares/resources/parenting-students/index.php,basic-needs,Parenting Student Resources | SJSU Cares,yes,3042
https://www.sjsu.edu/sjsucares/resources/public-benefits.php,basic-needs,Santa Clara County Public Benefits Programs | SJSU Cares,yes,1740
https://www.sjsu.edu/housing/about-us/contact-numbers.php,housing,Contact Numbers | University Housing Services,yes,662
https://www.sjsu.edu/housing/apply-for-housing/housing-accommodations.php,housing,Housing Accommodations | University Housing Services,yes,560
https://www.sjsu.edu/housing/apply-for-housing/index.php,housing,Apply for Housing - University Housing | University Housing Services,yes,2071
https://www.sjsu.edu/housing/housing-options/index.php,housing,Student Housing Options - University Housing | University Housing Services,yes,1576
https://www.sjsu.edu/housing/index.php,housing,University Housing | On-Campus Housing | University Housing Services,yes,7463
https://www.sjsu.edu/registrar/about-us/contact-us.php,registrar-enrollment,Contact us | Office of the Registrar,yes,563
https://www.sjsu.edu/registrar/academic-records/change-of-major-minor.php,registrar-enrollment,"Add or Change a Major, Minor, or Certificate | Office of the Registrar",yes,741
https://www.sjsu.edu/registrar/academic-records/reinstatement.php,registrar-enrollment,Reinstatement (Returning from Disqualification) | Office of the Registrar,yes,2871
https://www.sjsu.edu/registrar/academic-records/transcripts.php,registrar-enrollment,Transcripts | Office of the Registrar,yes,656
https://www.sjsu.edu/registrar/academic-records/verify-enrollment.php,registrar-enrollment,Verification of Enrollment or Degree | Office of the Registrar,yes,1573
https://www.sjsu.edu/registrar/calendar/index.php,registrar-enrollment,Registration Calendars - Registrar | Office of the Registrar,yes,457
https://www.sjsu.edu/registrar/index.php,registrar-enrollment,Registrar | Office of the Registrar,yes,1119
https://www.sjsu.edu/registrar/registration/enrollment-limit-waitlist.php,registrar-enrollment,Enrollment Limits and Waitlist | Office of the Registrar,yes,4112
https://www.sjsu.edu/registrar/registration/grading-option.php,registrar-enrollment,Grading Options | Office of the Registrar,yes,1029
https://www.sjsu.edu/registrar/registration/index.php,registrar-enrollment,Registration | Office of the Registrar,yes,796
https://www.sjsu.edu/registrar/registration/leave-of-absence.php,registrar-enrollment,Leave of Absence and Withdrawal | Office of the Registrar,yes,5537
https://www.sjsu.edu/registrar/registration/registration-basics.php,registrar-enrollment,Registration Basics | Office of the Registrar,yes,5235
https://www.sjsu.edu/registrar/registration/registration-holds.php,registrar-enrollment,Registration Holds | Office of the Registrar,yes,2918
https://www.sjsu.edu/registrar/registration/repeat-grade-forgiveness.php,registrar-enrollment,Repeats and Grade Forgiveness - Registrar | Office of the Registrar,yes,2701
https://www.sjsu.edu/isss/about/contact.php,international-isss,International Student Advising - Contact Information,yes,3892
https://www.sjsu.edu/isss/current-students/employment/cpt.php,international-isss,Curricular Practical Training,yes,15237
https://www.sjsu.edu/isss/current-students/employment/economic-hardship.php,international-isss,Economic Hardship,yes,7417
https://www.sjsu.edu/isss/current-students/employment/index.php,international-isss,Employment for International Students | SJSU ISSS,yes,4160
https://www.sjsu.edu/isss/current-students/employment/pre-opt.php,international-isss,Pre Completion OPT,yes,16923
https://www.sjsu.edu/isss/current-students/f1-status/course-load.php,international-isss,Reduced Course Load - International Student and Scholar Services,yes,5409
https://www.sjsu.edu/isss/current-students/f1-status/i20-extension.php,international-isss,I-20 Extension,yes,3872
https://www.sjsu.edu/isss/current-students/f1-status/index.php,international-isss,Maintaining F-1 Status,yes,3855
https://www.sjsu.edu/isss/current-students/f1-status/travel.php,international-isss,Travel and Re-Entry to the United States,yes,7878
https://www.sjsu.edu/isss/current-students/index.php,international-isss,Current F-1 Students,yes,921
https://www.sjsu.edu/isss/index.php,international-isss,International Student and Scholar Services,yes,2628
https://www.sjsu.edu/aec/about/index.php,accessibility-aec,About | Accessible Education Center,yes,1621
https://www.sjsu.edu/aec/accomms/index.php,accessibility-aec,Accommodations | Accessible Education Center,yes,729
https://www.sjsu.edu/aec/accomms/testing/index.php,accessibility-aec,Testing Accommodations | Accessible Education Center,yes,5317
https://www.sjsu.edu/aec/index.php,accessibility-aec,Accessible Education Center,yes,521
https://www.sjsu.edu/eop/about/contact-us.php,eop-guardian-scholars,Contact Us  | Educational Opportunity Program,yes,654
https://www.sjsu.edu/eop/eop/apply.php,eop-guardian-scholars,Apply to EOP | Educational Opportunity Program,yes,4003
https://www.sjsu.edu/eop/eop/programs-and-services.php,eop-guardian-scholars,Programs & Services  | Educational Opportunity Program,yes,3106
https://www.sjsu.edu/eop/eop/what-is-eop.php,eop-guardian-scholars,What is EOP? | Educational Opportunity Program,yes,5792
https://www.sjsu.edu/eop/index.php,eop-guardian-scholars,Educational Opportunity Program,yes,1804
https://www.sjsu.edu/guardianscholars/index.php,eop-guardian-scholars,Guardian Scholars Program,yes,1715
https://www.sjsu.edu/veterans/about/contact-us.php,veterans,Contact Us | Veterans Resource Center,yes,657
https://www.sjsu.edu/veterans/benefits/benefits-overview.php,veterans,Benefits Overview | Veterans Resource Center,yes,6740
https://www.sjsu.edu/veterans/how-to-apply.php,veterans,How to Apply | Veterans Resource Center,yes,3220
https://www.sjsu.edu/veterans/index.php,veterans,Veterans Resource Center,yes,3447
https://www.sjsu.edu/titleixeo/get-help/index.php,title-ix,Get Help | Office for Civil Rights and Title IX,yes,7472
https://www.sjsu.edu/titleixeo/get-help/our-services/index.php,title-ix,Our Services | Office for Civil Rights and Title IX,yes,3418
https://www.sjsu.edu/ombudsperson/about/what-we-do.php,ombuds,What We Do  | Student Ombudsperson,yes,741
https://www.sjsu.edu/ombudsperson/index.php,ombuds,Student Ombudsperson,yes,661
https://www.sjsu.edu/studentaffairs/about/what-we-do.php,student-affairs-hub,What We Do | Student Affairs,yes,4087
https://www.sjsu.edu/studentaffairs/index.php,student-affairs-hub,Student Affairs,yes,3400
https://www.sjsu.edu/students/index.php,student-affairs-hub,Current Students,yes,541
https://careercenter.sjsu.edu/resources/resume-guide/,career-services,Resume Guide – Career Center San José State University,yes,8597
https://careercenter.sjsu.edu/resources/job-internship-search-guide-3/,career-services,Job/Internship Search Guide – Career Center San José State University,yes,10036
https://careercenter.sjsu.edu/resources/interviewing-guide-2/,career-services,Interviewing Guide – Career Center San José State University,yes,9711
https://careercenter.sjsu.edu/resources/career-guides/,career-services,Career Guides – Career Center San José State University,yes,3452
https://careercenter.sjsu.edu/resources/free-digital-career-tools/,career-services,Digital Career Tools – Career Center San José State University,yes,3939
https://careercenter.sjsu.edu/on-campus-jobs-federal-work-study/,career-services,On-Campus Jobs & Federal Work-Study – Career Center San José State University,yes,2587
https://careercenter.sjsu.edu/labor-market-insights/,career-services,Labor Market Insights – Career Center San José State University,yes,6837
https://careercenter.sjsu.edu/staff/,career-services,Meet Our Team – Career Center San José State University,yes,2244
https://careercenter.sjsu.edu/student-services-and-expectations/,career-services,Student Services and Expectations – Career Center San José State University,yes,17909
https://careercenter.sjsu.edu/channels/international-students/,career-services,International Students – Career Center San José State University,yes,8274
https://careercenter.sjsu.edu/channels/undeclared-students/,career-services,Undeclared Students – Career Center San José State University,yes,4697
https://careercenter.sjsu.edu/career-experiences/career-treks/,career-services,Career Treks – Career Center San José State University,yes,3431
https://careercenter.sjsu.edu/career-experiences/job-shadow-program/,career-services,Job Shadow Program – Career Center San José State University,yes,4126
https://careercenter.sjsu.edu/resources/professional-headshots-2/,career-services,Professional Headshots – Career Center San José State University,yes,1179
https://www.sjsu.edu/chhs-ssc/advising/disqualification-reinstatement.php,academic-advising,Disqualification and Reinstatement | CHHS Student Success Center,yes,1876
https://www.sjsu.edu/chhs-ssc/advising/index.php,academic-advising,Advising  | CHHS Student Success Center,yes,1216
https://www.sjsu.edu/chhs-ssc/advising/make-an-appointment.php,academic-advising,Make an Appointment at the CHHS SSC | CHHS Student Success Center,yes,1375
https://www.sjsu.edu/chhs-ssc/index.php,academic-advising,College of Health and Human Sciences (CHHS) Student Success Center | CHHS Student Success Center,yes,884
https://www.sjsu.edu/essc/graduate/advising/index.php,academic-advising,General Advising | Engineering Student Success Center,yes,881
https://www.sjsu.edu/essc/index.php,academic-advising,Engineering Student Success Center,yes,518
https://www.sjsu.edu/essc/undergraduate/index.php,academic-advising,Undergraduate  | Engineering Student Success Center,yes,829
https://www.sjsu.edu/lcobssc/advising/faq.php,academic-advising,Frequently Asked Questions | Jack Holland Student Success Center,yes,4474
https://www.sjsu.edu/lcobssc/advising/index.php,academic-advising,Advising | Jack Holland Student Success Center,yes,605
https://www.sjsu.edu/lcobssc/index.php,academic-advising,Jack Holland Student Success Center,yes,1466
https://www.sjsu.edu/luriessc/advising/academic-notice-advising.php,academic-advising,"Disqualification, Reinstatement and Academic Notice  | Lurie College of Education Student Success Center",yes,2589
https://www.sjsu.edu/luriessc/advising/index.php,academic-advising,Advising | Lurie College of Education Student Success Center,yes,2839
https://www.sjsu.edu/luriessc/index.php,academic-advising,Lurie College of Education Student Success Center,yes,1264
https://www.sjsu.edu/science-ssc/advising/index.php,academic-advising,Advising Services | College of Science Student Success Center,yes,943
https://www.sjsu.edu/science-ssc/index.php,academic-advising,College of Science Advising Center | College of Science Student Success Center,yes,717
https://www.sjsu.edu/socsci-ssc/academic-advising/index.php,academic-advising,Academic Advising - College of Social Sciences | College of Social Sciences Student Success Center,yes,4461
https://www.sjsu.edu/socsci-ssc/index.php,academic-advising,College of Social Sciences Student Success Center,yes,535
https://www.sjsu.edu/studentconduct/about/contact-us.php,student-conduct,Contact Us | Student Conduct and Ethical Development,yes,668
https://www.sjsu.edu/studentconduct/about/faq.php,student-conduct,FAQ | Student Conduct and Ethical Development,yes,6618
https://www.sjsu.edu/studentconduct/conduct-processes/academic-integrity.php,student-conduct,Academic Integrity | Student Conduct and Ethical Development,yes,2321
https://www.sjsu.edu/studentconduct/conduct-processes/student-conduct.php,student-conduct,Student Conduct | Student Conduct and Ethical Development,yes,2209
https://www.sjsu.edu/studentconduct/index.php,student-conduct,Student Conduct and Ethical Development,yes,1316
https://www.sjsu.edu/studentconduct/resources/student-resources.php,student-conduct,Student Resources | Student Conduct and Ethical Development,yes,2149
https://www.sjsu.edu/commcenter/index.php,tutoring-academic-support,Communication Center,yes,505
https://www.sjsu.edu/commcenter/students/tutoring.php,tutoring-academic-support,Peer Tutoring | Communication Center,yes,403
https://www.sjsu.edu/testing/contact-us/index.php,testing,Contact Us | Testing Office,yes,1743
https://www.sjsu.edu/testing/index.php,testing,Testing Office,yes,425
https://www.sjsu.edu/testing/services-offered/cbe.php,testing,Credit by Examination (CBE) | Testing Office,yes,2756
https://www.sjsu.edu/testing/services-offered/clep.php,testing,College Level Examination Program (CLEP) | Testing Office,yes,4123
https://www.sjsu.edu/testing/services-offered/general-proctoring-services.php,testing,General Proctoring Services | Testing Office,yes,3322
https://library.sjsu.edu/,library,"Home - Dr. Martin Luther King, Jr. Library at San José State University Library",yes,1745
https://library.sjsu.edu/affordable-learning-solutions/etextbooks,library,"eTextbooks - Affordable Learning Solutions - Dr. Martin Luther King, Jr. Library at San José State University Library",yes,1060
https://library.sjsu.edu/ask-librarian,library,"Get Help - Ask Us - Dr. Martin Luther King, Jr. Library at San José State University Library",yes,777
https://library.sjsu.edu/library-hours,library,"Library Hours - SJSU Library Hours - Dr. Martin Luther King, Jr. Library at San José State University Library",yes,802
https://library.sjsu.edu/student-computing-services,library,"Student Computing Services - Student Computing Services - Dr. Martin Luther King, Jr. Library at San José State University Library",yes,2068
https://www.sjsu.edu/chicanxlatinxssc/index.php,identity-belonging,Chicanx/Latinx Student Success Center,yes,1298
https://www.sjsu.edu/chicanxlatinxssc/resources/campus-resources.php,identity-belonging,Campus Resources | Chicanx/Latinx Student Success Center,yes,499
https://www.sjsu.edu/chicanxlatinxssc/services.php,identity-belonging,Programs & Services | Chicanx/Latinx Student Success Center,yes,4463
https://www.sjsu.edu/mosaic/about/what-we-do.php,identity-belonging,What We Do | MOSAIC Cross Cultural Center,yes,3843
https://www.sjsu.edu/mosaic/index.php,identity-belonging,MOSAIC Cross Cultural Center,yes,1792
https://www.sjsu.edu/mosaic/resources/index.php,identity-belonging,Resources | MOSAIC Cross Cultural Center,yes,851
https://www.sjsu.edu/naissc/index.php,identity-belonging,Native American Indigenous Student Success Center,yes,1342
https://www.sjsu.edu/naissc/resources/campus-resources.php,identity-belonging,Native American and Indigenous Campus Resources | Native American Indigenous Student Success Center,yes,1325
https://www.sjsu.edu/naissc/services/index.php,identity-belonging,Services | Native American Indigenous Student Success Center,yes,1809
https://www.sjsu.edu/pride/about-us/index.php,identity-belonging,About Us | PRIDE Center,yes,1849
https://www.sjsu.edu/pride/index.php,identity-belonging,PRIDE Center,yes,1263
https://www.sjsu.edu/pride/resources/index.php,identity-belonging,Resources | PRIDE Center,yes,684
https://www.sjsu.edu/getinvolved/about/index.php,student-involvement,About | Student Involvement,yes,668
https://www.sjsu.edu/getinvolved/campus-events/index.php,student-involvement,Campus Events | Student Involvement,yes,1177
https://www.sjsu.edu/getinvolved/fraternity-and-sorority-life/index.php,student-involvement,Fraternity and Sorority Life | Student Involvement,yes,1279
https://www.sjsu.edu/getinvolved/index.php,student-involvement,Student Involvement,yes,1758
https://www.sjsu.edu/getinvolved/leadership/index.php,student-involvement,Leadership Development | Student Involvement,yes,679
https://www.sjsu.edu/getinvolved/student-orgs/index.php,student-involvement,Recognized Student Orgs | Student Involvement,yes,11346
https://www.sjsu.edu/cgs/current-students/graduate-advisors.php,graduate-studies,Graduate Program Coordinator | College of Graduate Studies,yes,400
https://www.sjsu.edu/cgs/current-students/index.php,graduate-studies,Current Students | College of Graduate Studies,yes,1347
https://www.sjsu.edu/cgs/financial-support/index.php,graduate-studies,Funding | College of Graduate Studies,yes,4267
https://www.sjsu.edu/cgs/index.php,graduate-studies,College of Graduate Studies,yes,3044
https://www.sjsu.edu/bit/,campus-safety,Behavioral Intervention,yes,1802
https://www.sjsu.edu/police/,campus-safety,Police Department | University Police,yes,2702
https://www.sjsu.edu/safety/,campus-safety,Campus Safety | Safety,yes,4163
https://www.sjsu.edu/titleixeo/,title-ix,Office for Civil Rights and Title IX,yes,4503
https://www.sjsu.edu/capise/,identity-belonging,Center for Asian Pacific Islander Student Empowerment,yes,1064
https://www.sjsu.edu/diversity/,identity-belonging,Diversity,yes,3422
https://www.sjsu.edu/genec/,identity-belonging,Gender Equity Center,yes,1019
https://www.sjsu.edu/thebloc/,identity-belonging,Black Leadership and Opportunity Center,yes,1986
https://www.sjsu.edu/undocuspartan/,identity-belonging,UndocuSpartan Student Resource Center,yes,1813
https://www.sjsu.edu/housing-options/,housing,Housing,yes,1332
https://www.sjsu.edu/ihouse/,housing,The Phyllis Simpkins International House | Phyllis Simpkins International House,yes,1264
https://www.sjsu.edu/aspire/,research,TRIO (SSS/ASPIRE) Program | ASPIRE Program,yes,963
https://www.sjsu.edu/mcnair/,research,TRIO McNair Scholars Program | McNair Scholars Program,yes,1124
https://www.sjsu.edu/research/,research,Office of Research,yes,4335
https://www.sjsu.edu/studyabroad/,study-abroad,San Jose State University - Study Abroad & Away,yes,1487
https://www.sjsu.edu/supportedinstruction/,tutoring-academic-support,The Office of Supported Instruction | Supported Instruction,yes,1051
https://www.sjsu.edu/ha-advising/,academic-advising,Humanities and the Arts Student Success Center,yes,2519
https://www.sjsu.edu/wellbeing/,counseling-psych,Well-being @ SJSU,yes,2102
https://www.sjsu.edu/as/departments/child-development-center/index.php,campus-services,Child Development Center | Associated Students,yes,3494
https://www.sjsu.edu/as/departments/print-shop/index.php,campus-services,Print Shop | Associated Students,yes,1902
https://www.sjsu.edu/as/departments/transportation-solutions/index.php,campus-services,Transportation Solutions | Associated Students,yes,3250
https://www.sjsu.edu/it/,campus-services,Information Technology,yes,1316
https://www.sjsu.edu/parking/,campus-services,Parking Services,yes,5593
https://www.sjsu.edu/as/,student-involvement,Associated Students,yes,1795
https://www.sjsu.edu/enrollmentmanagement/services/contacting-departments/index.php,student-affairs-hub,Contacting Departments | Enrollment Management,yes,3582
